ID|GUID|History
153|b3e3e393c77e35a4a3f3cbd1e429b5dc|"2020-10-11 18:00:04 , created via export from SQMS1"
154|1d7f7abc18fcb43975065399b0d1e48e|"2020-10-11 18:00:04 , created via export from SQMS1"
155|2a79ea27c279e471f4d180b08d62b00a|"2020-10-11 18:00:04 , created via export from SQMS1"
156|1c9ac0159c94d8d0cbedc973445af2da|"2020-10-11 18:00:04 , created via export from SQMS1"
157|6c4b761a28b734fe93831e3fb400ce87|"2020-10-11 18:00:04 , created via export from SQMS1"
158|06409663226af2f3114485aa4e0a23b4|"2020-10-11 18:00:04 , created via export from SQMS1"
159|140f6969d5213fd0ece03148e62e461e|"2020-10-11 18:00:04 , created via export from SQMS1"
160|b73ce398c39f506af761d2277d853a92|"2020-10-11 18:00:04 , created via export from SQMS1"
161|bd4c9ab730f5513206b999ec0d90d1fb|"2020-10-11 18:00:04 , created via export from SQMS1"
162|82aa4b0af34c2313a562076992e50aa3|"2020-10-11 18:00:04 , created via export from SQMS1"
163|0777d5c17d4066b82ab86dff8a46af6f|"2020-10-11 18:00:04 , created via export from SQMS1"
164|fa7cdfad1a5aaf8370ebeda47a1ff1c3|"2020-10-11 18:00:04 , created via export from SQMS1"
165|9766527f2b5d3e95d4a733fcfb77bd7e|"2020-10-11 18:00:04 , created via export from SQMS1"
166|7e7757b1e12abcb736ab9a754ffb617a|"2020-10-11 18:00:04 , created via export from SQMS1"
167|5878a7ab84fb43402106c575658472fa|"2020-10-11 18:00:04 , created via export from SQMS1"
168|006f52e9102a8d3be2fe5614f42ba989|"2020-10-11 18:00:04 , created via export from SQMS1"
169|3636638817772e42b59d74cff571fbb3|"2020-10-11 18:00:04 , created via export from SQMS1"
170|149e9677a5989fd342ae44213df68868|"2020-10-11 18:00:04 , created via export from SQMS1"
171|a4a042cf4fd6bfb47701cbc8a1653ada|"2020-10-11 18:00:04 , created via export from SQMS1"
172|1ff8a7b5dc7a7d1f0ed65aaa29c04b1e|"2020-10-11 18:00:04 , created via export from SQMS1"
173|f7e6c85504ce6e82442c770f7c8606f0|"2020-10-11 18:00:04 , created via export from SQMS1"
174|bf8229696f7a3bb4700cfddef19fa23f|"2020-10-11 18:00:04 , created via export from SQMS1"
175|82161242827b703e6acf9c726942a1e4|"2020-10-11 18:00:04 , created via export from SQMS1"
176|38af86134b65d0f10fe33d30dd76442e|"2020-10-11 18:00:04 , created via export from SQMS1"
177|96da2f590cd7246bbde0051047b0d6f7|"2020-10-11 18:00:04 , created via export from SQMS1"
178|8f85517967795eeef66c225f7883bdcb|"2020-10-11 18:00:04 , created via export from SQMS1"
179|8f53295a73878494e9bc8dd6c3c7104f|"2020-10-11 18:00:04 , created via export from SQMS1"
180|045117b0e0a11a242b9765e79cbf113f|"2020-10-11 18:00:04 , created via export from SQMS1"
181|fc221309746013ac554571fbd180e1c8|"2020-10-11 18:00:04 , created via export from SQMS1"
182|4c5bde74a8f110656874902f07378009|"2020-10-11 18:00:04 , created via export from SQMS1"
183|cedebb6e872f539bef8c3f919874e9d7|"2020-10-11 18:00:04 , created via export from SQMS1"
184|6cdd60ea0045eb7a6ec44c54d29ed402|"2020-10-11 18:00:04 , created via export from SQMS1"
185|eecca5b6365d9607ee5a9d336962c534|"2020-10-11 18:00:04 , created via export from SQMS1"
186|9872ed9fc22fc182d371c3e9ed316094|"2020-10-11 18:00:04 , created via export from SQMS1"
187|31fefc0e570cb3860f2a6d4b38c6490d|"2020-10-11 18:00:04 , created via export from SQMS1"
188|9dcb88e0137649590b755372b040afad|"2020-10-11 18:00:04 , created via export from SQMS1"
189|a2557a7b2e94197ff767970b67041697|"2020-10-11 18:00:04 , created via export from SQMS1"
190|cfecdb276f634854f3ef915e2e980c31|"2020-10-11 18:00:04 , created via export from SQMS1"
191|0aa1883c6411f7873cb83dacb17b0afc|"2020-10-11 18:00:04 , created via export from SQMS1"
192|58a2fc6ed39fd083f55d4182bf88826d|"2020-10-11 18:00:04 , created via export from SQMS1"
193|bd686fd640be98efaae0091fa301e613|"2020-10-11 18:00:04 , created via export from SQMS1"
194|a597e50502f5ff68e3e25b9114205d4a|"2020-10-11 18:00:04 , created via export from SQMS1"
195|0336dcbab05b9d5ad24f4333c7658a0e|"2020-10-11 18:00:04 , created via export from SQMS1"
196|084b6fbb10729ed4da8c3d3f5a3ae7c9|"2020-10-11 18:00:04 , created via export from SQMS1"
197|85d8ce590ad8981ca2c8286f79f59954|"2020-10-11 18:00:04 , created via export from SQMS1"
198|0e65972dce68dad4d52d063967f0a705|"2020-10-11 18:00:04 , created via export from SQMS1"
199|84d9ee44e457ddef7f2c4f25dc8fa865|"2020-10-11 18:00:04 , created via export from SQMS1"
200|3644a684f98ea8fe223c713b77189a77|"2020-10-11 18:00:04 , created via export from SQMS1"
201|757b505cfd34c64c85ca5b5690ee5293|"2020-10-11 18:00:04 , created via export from SQMS1"
202|854d6fae5ee42911677c739ee1734486|"2020-10-11 18:00:04 , created via export from SQMS1"
203|e2c0be24560d78c5e599c2a9c9d0bbd2|"2020-10-11 18:00:04 , created via export from SQMS1"
204|274ad4786c3abca69fa097b85867d9a4|"2020-10-11 18:00:04 , created via export from SQMS1"
205|eae27d77ca20db309e056e3d2dcd7d69|"2020-10-11 18:00:04 , created via export from SQMS1"
206|7eabe3a1649ffa2b3ff8c02ebfd5659f|"2020-10-11 18:00:04 , created via export from SQMS1"
207|69adc1e107f7f7d035d7baf04342e1ca|"2020-10-11 18:00:04 , created via export from SQMS1"
208|091d584fced301b442654dd8c23b3fc9|"2020-10-11 18:00:04 , created via export from SQMS1"
209|b1d10e7bafa4421218a51b1e1f1b0ba2|"2020-10-11 18:00:04 , created via export from SQMS1"
210|6f3ef77ac0e3619e98159e9b6febf557|"2020-10-11 18:00:04 , created via export from SQMS1"
211|eb163727917cbba1eea208541a643e74|"2020-10-11 18:00:04 , created via export from SQMS1"
212|1534b76d325a8f591b52d302e7181331|"2020-10-11 18:00:04 , created via export from SQMS1"
213|979d472a84804b9f647bc185a877a8b5|"2020-10-11 18:00:04 , created via export from SQMS1"
214|ca46c1b9512a7a8315fa3c5a946e8265|"2020-10-11 18:00:04 , created via export from SQMS1"
215|3b8a614226a953a8cd9526fca6fe9ba5|"2020-10-11 18:00:04 , created via export from SQMS1"
216|45fbc6d3e05ebd93369ce542e8f2322d|"2020-10-11 18:00:04 , created via export from SQMS1"
217|63dc7ed1010d3c3b8269faf0ba7491d4|"2020-10-11 18:00:04 , created via export from SQMS1"
218|e96ed478dab8595a7dbda4cbcbee168f|"2020-10-11 18:00:04 , created via export from SQMS1"
219|c0e190d8267e36708f955d7ab048990d|"2020-10-11 18:00:04 , created via export from SQMS1"
220|ec8ce6abb3e952a85b8551ba726a1227|"2020-10-11 18:00:04 , created via export from SQMS1"
221|060ad92489947d410d897474079c1477|"2020-10-11 18:00:04 , created via export from SQMS1"
222|bcbe3365e6ac95ea2c0343a2395834dd|"2020-10-11 18:00:04 , created via export from SQMS1"
223|115f89503138416a242f40fb7d7f338e|"2020-10-11 18:00:04 , created via export from SQMS1"
224|13fe9d84310e77f13a6d184dbf1232f3|"2020-10-11 18:00:04 , created via export from SQMS1"
225|d1c38a09acc34845c6be3a127a5aacaf|"2020-10-11 18:00:04 , created via export from SQMS1"
226|9cfdf10e8fc047a44b08ed031e1f0ed1|"2020-10-11 18:00:04 , created via export from SQMS1"
227|705f2172834666788607efbfca35afb3|"2020-10-11 18:00:04 , created via export from SQMS1"
228|74db120f0a8e5646ef5a30154e9f6deb|"2020-10-11 18:00:04 , created via export from SQMS1"
229|57aeee35c98205091e18d1140e9f38cf|"2020-10-11 18:00:04 , created via export from SQMS1"
230|6da9003b743b65f4c0ccd295cc484e57|"2020-10-11 18:00:04 , created via export from SQMS1"
231|9b04d152845ec0a378394003c96da594|"2020-10-11 18:00:04 , created via export from SQMS1"
232|be83ab3ecd0db773eb2dc1b0a17836a1|"2020-10-11 18:00:04 , created via export from SQMS1"
233|e165421110ba03099a1c0393373c5b43|"2020-10-11 18:00:04 , created via export from SQMS1"
234|289dff07669d7a23de0ef88d2f7129e7|"2020-10-11 18:00:04 , created via export from SQMS1"
235|577ef1154f3240ad5b9b413aa7346a1e|"2020-10-11 18:00:04 , created via export from SQMS1"
236|01161aaa0b6d1345dd8fe4e481144d84|"2020-10-11 18:00:04 , created via export from SQMS1"
237|539fd53b59e3bb12d203f45a912eeaf2|"2020-10-11 18:00:04 , created via export from SQMS1"
238|ac1dd209cbcc5e5d1c6e28598e8cbbe8|"2020-10-11 18:00:04 , created via export from SQMS1"
239|555d6702c950ecb729a966504af0a635|"2020-10-11 18:00:04 , created via export from SQMS1"
240|335f5352088d7d9bf74191e006d8e24c|"2020-10-11 18:00:04 , created via export from SQMS1"
241|f340f1b1f65b6df5b5e3f94d95b11daf|"2020-10-11 18:00:04 , created via export from SQMS1"
242|e4a6222cdb5b34375400904f03d8e6a5|"2020-10-11 18:00:04 , created via export from SQMS1"
243|cb70ab375662576bd1ac5aaf16b3fca4|"2020-10-11 18:00:04 , created via export from SQMS1"
244|9188905e74c28e489b44e954ec0b9bca|"2020-10-11 18:00:04 , created via export from SQMS1"
245|0266e33d3f546cb5436a10798e657d97|"2020-10-11 18:00:04 , created via export from SQMS1"
246|38db3aed920cf82ab059bfccbd02be6a|"2020-10-11 18:00:04 , created via export from SQMS1"
247|3cec07e9ba5f5bb252d13f5f431e4bbb|"2020-10-11 18:00:04 , created via export from SQMS1"
248|621bf66ddb7c962aa0d22ac97d69b793|"2020-10-11 18:00:04 , created via export from SQMS1"
249|077e29b11be80ab57e1a2ecabb7da330|"2020-10-11 18:00:04 , created via export from SQMS1"
250|6c9882bbac1c7093bd25041881277658|"2020-10-11 18:00:04 , created via export from SQMS1"
251|19f3cd308f1455b3fa09a282e0d496f4|"2020-10-11 18:00:04 , created via export from SQMS1"
252|03c6b06952c750899bb03d998e631860|"2020-10-11 18:00:04 , created via export from SQMS1"
253|c24cd76e1ce41366a4bbe8a49b02a028|"2020-10-11 18:00:04 , created via export from SQMS1"
254|c52f1bd66cc19d05628bd8bf27af3ad6|"2020-10-11 18:00:04 , created via export from SQMS1"
255|fe131d7f5a6b38b23cc967316c13dae2|"2020-10-11 18:00:04 , created via export from SQMS1"
256|f718499c1c8cef6730f9fd03c8125cab|"2020-10-11 18:00:04 , created via export from SQMS1"
257|d96409bf894217686ba124d7356686c9|"2020-10-11 18:00:04 , created via export from SQMS1"
258|502e4a16930e414107ee22b6198c578f|"2020-10-11 18:00:04 , created via export from SQMS1"
259|cfa0860e83a4c3a763a7e62d825349f7|"2020-10-11 18:00:04 , created via export from SQMS1"
260|a4f23670e1833f3fdb077ca70bbd5d66|"2020-10-11 18:00:04 , created via export from SQMS1"
261|b1a59b315fc9a3002ce38bbe070ec3f5|"2020-10-11 18:00:04 , created via export from SQMS1"
262|36660e59856b4de58a219bcf4e27eba3|"2020-10-11 18:00:04 , created via export from SQMS1"
263|8c19f571e251e61cb8dd3612f26d5ecf|"2020-10-11 18:00:04 , created via export from SQMS1"
264|d6baf65e0b240ce177cf70da146c8dc8|"2020-10-11 18:00:04 , created via export from SQMS1"
265|e56954b4f6347e897f954495eab16a88|"2020-10-11 18:00:04 , created via export from SQMS1"
266|f7664060cc52bc6f3d620bcedc94a4b6|"2020-10-11 18:00:04 , created via export from SQMS1"
267|eda80a3d5b344bc40f3bc04f65b7a357|"2020-10-11 18:00:04 , created via export from SQMS1"
268|8f121ce07d74717e0b1f21d122e04521|"2020-10-11 18:00:04 , created via export from SQMS1"
269|06138bc5af6023646ede0e1f7c1eac75|"2020-10-11 18:00:04 , created via export from SQMS1"
270|39059724f73a9969845dfe4146c5660e|"2020-10-11 18:00:04 , created via export from SQMS1"
271|7f100b7b36092fb9b06dfb4fac360931|"2020-10-11 18:00:04 , created via export from SQMS1"
272|7a614fd06c325499f1680b9896beedeb|"2020-10-11 18:00:04 , created via export from SQMS1"
273|4734ba6f3de83d861c3176a6273cac6d|"2020-10-11 18:00:04 , created via export from SQMS1"
274|d947bf06a885db0d477d707121934ff8|"2020-10-11 18:00:04 , created via export from SQMS1"
275|63923f49e5241343aa7acb6a06a751e7|"2020-10-11 18:00:04 , created via export from SQMS1"
276|db8e1af0cb3aca1ae2d0018624204529|"2020-10-11 18:00:04 , created via export from SQMS1"
277|20f07591c6fcb220ffe637cda29bb3f6|"2020-10-11 18:00:04 , created via export from SQMS1"
278|07cdfd23373b17c6b337251c22b7ea57|"2020-10-11 18:00:04 , created via export from SQMS1"
279|d395771085aab05244a4fb8fd91bf4ee|"2020-10-11 18:00:04 , created via export from SQMS1"
280|92c8c96e4c37100777c7190b76d28233|"2020-10-11 18:00:04 , created via export from SQMS1"
281|e3796ae838835da0b6f6ea37bcf8bcb7|"2020-10-11 18:00:04 , created via export from SQMS1"
282|6a9aeddfc689c1d0e3b9ccc3ab651bc5|"2020-10-11 18:00:04 , created via export from SQMS1"
283|0f49c89d1e7298bb9930789c8ed59d48|"2020-10-11 18:00:04 , created via export from SQMS1"
284|46ba9f2a6976570b0353203ec4474217|"2020-10-11 18:00:04 , created via export from SQMS1"
285|0e01938fc48a2cfb5f2217fbfb00722d|"2020-10-11 18:00:04 , created via export from SQMS1"
286|16a5cdae362b8d27a1d8f8c7b78b4330|"2020-10-11 18:00:04 , created via export from SQMS1"
287|918317b57931b6b7a7d29490fe5ec9f9|"2020-10-11 18:00:04 , created via export from SQMS1"
288|48aedb8880cab8c45637abc7493ecddd|"2020-10-11 18:00:04 , created via export from SQMS1"
289|839ab46820b524afda05122893c2fe8e|"2020-10-11 18:00:04 , created via export from SQMS1"
290|f90f2aca5c640289d0a29417bcb63a37|"2020-10-11 18:00:04 , created via export from SQMS1"
291|9c838d2e45b2ad1094d42f4ef36764f6|"2020-10-11 18:00:04 , created via export from SQMS1"
292|1700002963a49da13542e0726b7bb758|"2020-10-11 18:00:04 , created via export from SQMS1"
293|53c3bce66e43be4f209556518c2fcb54|"2020-10-11 18:00:04 , created via export from SQMS1"
294|6883966fd8f918a4aa29be29d2c386fb|"2020-10-11 18:00:04 , created via export from SQMS1"
295|49182f81e6a13cf5eaa496d51fea6406|"2020-10-11 18:00:04 , created via export from SQMS1"
296|d296c101daa88a51f6ca8cfc1ac79b50|"2020-10-11 18:00:04 , created via export from SQMS1"
297|9fd81843ad7f202f26c1a174c7357585|"2020-10-11 18:00:04 , created via export from SQMS1"
298|26e359e83860db1d11b6acca57d8ea88|"2020-10-11 18:00:04 , created via export from SQMS1"
299|ef0d3930a7b6c95bd2b32ed45989c61f|"2020-10-11 18:00:04 , created via export from SQMS1"
300|94f6d7e04a4d452035300f18b984988c|"2020-10-11 18:00:04 , created via export from SQMS1"
301|34ed066df378efacc9b924ec161e7639|"2020-10-11 18:00:04 , created via export from SQMS1"
302|577bcc914f9e55d5e4e4f82f9f00e7d4|"2020-10-11 18:00:04 , created via export from SQMS1"
303|11b9842e0a271ff252c1903e7132cd68|"2020-10-11 18:00:04 , created via export from SQMS1"
304|37bc2f75bf1bcfe8450a1a41c200364c|"2020-10-11 18:00:04 , created via export from SQMS1"
305|496e05e1aea0a9c4655800e8a7b9ea28|"2020-10-11 18:00:04 , created via export from SQMS1"
306|b2eb7349035754953b57a32e2841bda5|"2020-10-11 18:00:04 , created via export from SQMS1"
307|8e98d81f8217304975ccb23337bb5761|"2020-10-11 18:00:04 , created via export from SQMS1"
308|a8c88a0055f636e4a163a5e3d16adab7|"2020-10-11 18:00:04 , created via export from SQMS1"
309|eddea82ad2755b24c4e168c5fc2ebd40|"2020-10-11 18:00:04 , created via export from SQMS1"
310|06eb61b839a0cefee4967c67ccb099dc|"2020-10-11 18:00:04 , created via export from SQMS1"
311|9dfcd5e558dfa04aaf37f137a1d9d3e5|"2020-10-11 18:00:04 , created via export from SQMS1"
312|950a4152c2b4aa3ad78bdd6b366cc179|"2020-10-11 18:00:04 , created via export from SQMS1"
313|158f3069a435b314a80bdcb024f8e422|"2020-10-11 18:00:04 , created via export from SQMS1"
314|758874998f5bd0c393da094e1967a72b|"2020-10-11 18:00:04 , created via export from SQMS1"
315|ad13a2a07ca4b7642959dc0c4c740ab6|"2020-10-11 18:00:04 , created via export from SQMS1"
316|3fe94a002317b5f9259f82690aeea4cd|"2020-10-11 18:00:04 , created via export from SQMS1"
317|5b8add2a5d98b1a652ea7fd72d942dac|"2020-10-11 18:00:04 , created via export from SQMS1"
318|432aca3a1e345e339f35a30c8f65edce|"2020-10-11 18:00:04 , created via export from SQMS1"
319|8d3bba7425e7c98c50f52ca1b52d3735|"2020-10-11 18:00:04 , created via export from SQMS1"
320|320722549d1751cf3f247855f937b982|"2020-10-11 18:00:04 , created via export from SQMS1"
321|caf1a3dfb505ffed0d024130f58c5cfa|"2020-10-11 18:00:04 , created via export from SQMS1"
322|5737c6ec2e0716f3d8a7a5c4e0de0d9a|"2020-10-11 18:00:04 , created via export from SQMS1"
323|bc6dc48b743dc5d013b1abaebd2faed2|"2020-10-11 18:00:04 , created via export from SQMS1"
325|89f0fd5c927d466d6ec9a21b9ac34ffa|"2020-10-11 18:00:04 , created via export from SQMS1"
326|a666587afda6e89aec274a3657558a27|"2020-10-11 18:00:04 , created via export from SQMS1"
327|b83aac23b9528732c23cc7352950e880|"2020-10-11 18:00:04 , created via export from SQMS1"
328|cd00692c3bfe59267d5ecfac5310286c|"2020-10-11 18:00:04 , created via export from SQMS1"
329|6faa8040da20ef399b63a72d0e4ab575|"2020-10-11 18:00:04 , created via export from SQMS1"
330|fe73f687e5bc5280214e0486b273a5f9|"2020-10-11 18:00:04 , created via export from SQMS1"
331|6da37dd3139aa4d9aa55b8d237ec5d4a|"2020-10-11 18:00:04 , created via export from SQMS1"
383|beed13602b9b0e6ecb5b568ff5058f07|"2020-10-11 18:00:04 , created via export from SQMS1"
384|0584ce565c824b7b7f50282d9a19945b|"2020-10-11 18:00:04 , created via export from SQMS1"
385|dc912a253d1e9ba40e2c597ed2376640|"2020-10-11 18:00:04 , created via export from SQMS1"
386|39461a19e9eddfb385ea76b26521ea48|"2020-10-11 18:00:04 , created via export from SQMS1"
387|8efb100a295c0c690931222ff4467bb8|"2020-10-11 18:00:04 , created via export from SQMS1"
388|d9fc5b73a8d78fad3d6dffe419384e70|"2020-10-11 18:00:04 , created via export from SQMS1"
389|c86a7ee3d8ef0b551ed58e354a836f2b|"2020-10-11 18:00:04 , created via export from SQMS1"
390|a01a0380ca3c61428c26a231f0e49a09|"2020-10-11 18:00:04 , created via export from SQMS1"
391|5a4b25aaed25c2ee1b74de72dc03c14e|"2020-10-11 18:00:04 , created via export from SQMS1"
392|f73b76ce8949fe29bf2a537cfa420e8f|"2020-10-11 18:00:04 , created via export from SQMS1"
393|70c639df5e30bdee440e4cdf599fec2b|"2020-10-11 18:00:04 , created via export from SQMS1"
394|28f0b864598a1291557bed248a998d4e|"2020-10-11 18:00:04 , created via export from SQMS1"
395|1543843a4723ed2ab08e18053ae6dc5b|"2020-10-11 18:00:04 , created via export from SQMS1"
396|f8c1f23d6a8d8d7904fc0ea8e066b3bb|"2020-10-11 18:00:04 , created via export from SQMS1"
397|e46de7e1bcaaced9a54f1e9d0d2f800d|"2020-10-11 18:00:04 , created via export from SQMS1"
398|b7b16ecf8ca53723593894116071700c|"2020-10-11 18:00:04 , created via export from SQMS1"
399|352fe25daf686bdb4edca223c921acea|"2020-10-11 18:00:04 , created via export from SQMS1"
400|18d8042386b79e2c279fd162df0205c8|"2020-10-11 18:00:04 , created via export from SQMS1"
401|816b112c6105b3ebd537828a39af4818|"2020-10-11 18:00:04 , created via export from SQMS1"
402|69cb3ea317a32c4e6143e665fdb20b14|"2020-10-11 18:00:04 , created via export from SQMS1"
403|bbf94b34eb32268ada57a3be5062fe7d|"2020-10-11 18:00:04 , created via export from SQMS1"
404|4f4adcbf8c6f66dcfc8a3282ac2bf10a|"2020-10-11 18:00:04 , created via export from SQMS1"
405|bbcbff5c1f1ded46c25d28119a85c6c2|"2020-10-11 18:00:04 , created via export from SQMS1"
406|8cb22bdd0b7ba1ab13d742e22eed8da2|"2020-10-11 18:00:04 , created via export from SQMS1"
407|f4f6dce2f3a0f9dada0c2b5b66452017|"2020-10-11 18:00:04 , created via export from SQMS1"
408|0d0fd7c6e093f7b804fa0150b875b868|"2020-10-11 18:00:04 , created via export from SQMS1"
409|a96b65a721e561e1e3de768ac819ffbb|"2020-10-11 18:00:04 , created via export from SQMS1"
410|1068c6e4c8051cfd4e9ea8072e3189e2|"2020-10-11 18:00:04 , created via export from SQMS1"
411|17d63b1625c816c22647a73e1482372b|"2020-10-11 18:00:04 , created via export from SQMS1"
412|b9228e0962a78b84f3d5d92f4faa000b|"2020-10-11 18:00:04 , created via export from SQMS1"
413|0deb1c54814305ca9ad266f53bc82511|"2020-10-11 18:00:04 , created via export from SQMS1"
414|66808e327dc79d135ba18e051673d906|"2020-10-11 18:00:04 , created via export from SQMS1"
415|42e7aaa88b48137a16a1acd04ed91125|"2020-10-11 18:00:04 , created via export from SQMS1"
416|8fe0093bb30d6f8c31474bd0764e6ac0|"2020-10-11 18:00:04 , created via export from SQMS1"
417|41ae36ecb9b3eee609d05b90c14222fb|"2020-10-11 18:00:04 , created via export from SQMS1"
418|d1f255a373a3cef72e03aa9d980c7eca|"2020-10-11 18:00:04 , created via export from SQMS1"
419|7eacb532570ff6858afd2723755ff790|"2020-10-11 18:00:04 , created via export from SQMS1"
420|b6f0479ae87d244975439c6124592772|"2020-10-11 18:00:04 , created via export from SQMS1"
421|e0c641195b27425bb056ac56f8953d24|"2020-10-11 18:00:04 , created via export from SQMS1"
422|f85454e8279be180185cac7d243c5eb3|"2020-10-11 18:00:04 , created via export from SQMS1"
423|faa9afea49ef2ff029a833cccc778fd0|"2020-10-11 18:00:04 , created via export from SQMS1"
424|3c7781a36bcd6cf08c11a970fbe0e2a6|"2020-10-11 18:00:04 , created via export from SQMS1"
425|25b2822c2f5a3230abfadd476e8b04c9|"2020-10-11 18:00:04 , created via export from SQMS1"
426|6ecbdd6ec859d284dc13885a37ce8d81|"2020-10-11 18:00:04 , created via export from SQMS1"
427|18997733ec258a9fcaf239cc55d53363|"2020-10-11 18:00:04 , created via export from SQMS1"
428|8d7d8ee069cb0cbbf816bbb65d56947e|"2020-10-11 18:00:04 , created via export from SQMS1"
429|75fc093c0ee742f6dddaa13fff98f104|"2020-10-11 18:00:04 , created via export from SQMS1"
430|f74909ace68e51891440e4da0b65a70c|"2020-10-11 18:00:04 , created via export from SQMS1"
431|66368270ffd51418ec58bd793f2d9b1b|"2020-10-11 18:00:04 , created via export from SQMS1"
432|248e844336797ec98478f85e7626de4a|"2020-10-11 18:00:04 , created via export from SQMS1"
433|019d385eb67632a7e958e23f24bd07d7|"2020-10-11 18:00:04 , created via export from SQMS1"
434|a49e9411d64ff53eccfdd09ad10a15b3|"2020-10-11 18:00:04 , created via export from SQMS1"
435|ddb30680a691d157187ee1cf9e896d03|"2020-10-11 18:00:04 , created via export from SQMS1"
436|2421fcb1263b9530df88f7f002e78ea5|"2020-10-11 18:00:04 , created via export from SQMS1"
437|fccb60fb512d13df5083790d64c4d5dd|"2020-10-11 18:00:04 , created via export from SQMS1"
438|1651cf0d2f737d7adeab84d339dbabd3|"2020-10-11 18:00:04 , created via export from SQMS1"
439|eed5af6add95a9a6f1252739b1ad8c24|"2020-10-11 18:00:04 , created via export from SQMS1"
440|a8abb4bb284b5b27aa7cb790dc20f80b|"2020-10-11 18:00:04 , created via export from SQMS1"
441|15d4e891d784977cacbfcbb00c48f133|"2020-10-11 18:00:04 , created via export from SQMS1"
442|c203d8a151612acf12457e4d67635a95|"2020-10-11 18:00:04 , created via export from SQMS1"
443|13f3cf8c531952d72e5847c4183e6910|"2020-10-11 18:00:04 , created via export from SQMS1"
444|550a141f12de6341fba65b0ad0433500|"2020-10-11 18:00:04 , created via export from SQMS1"
445|67f7fb873eaf29526a11a9b7ac33bfac|"2020-10-11 18:00:04 , created via export from SQMS1"
446|1a5b1e4daae265b790965a275b53ae50|"2020-10-11 18:00:04 , created via export from SQMS1"
447|9a96876e2f8f3dc4f3cf45f02c61c0c1|"2020-10-11 18:00:04 , created via export from SQMS1"
448|9b70e8fe62e40c570a322f1b0b659098|"2020-10-11 18:00:04 , created via export from SQMS1"
449|d61e4bbd6393c9111e6526ea173a7c8b|"2020-10-11 18:00:04 , created via export from SQMS1"
450|f5f8590cd58a54e94377e6ae2eded4d9|"2020-10-11 18:00:04 , created via export from SQMS1"
451|941e1aaaba585b952b62c14a3a175a61|"2020-10-11 18:00:04 , created via export from SQMS1"
452|9431c87f273e507e6040fcb07dcb4509|"2020-10-11 18:00:04 , created via export from SQMS1"
453|49ae49a23f67c759bf4fc791ba842aa2|"2020-10-11 18:00:04 , created via export from SQMS1"
454|e44fea3bec53bcea3b7513ccef5857ac|"2020-10-11 18:00:04 , created via export from SQMS1"
455|821fa74b50ba3f7cba1e6c53e8fa6845|"2020-10-11 18:00:04 , created via export from SQMS1"
456|250cf8b51c773f3f8dc8b4be867a9a02|"2020-10-11 18:00:04 , created via export from SQMS1"
457|42998cf32d552343bc8e460416382dca|"2020-10-11 18:00:04 , created via export from SQMS1"
458|d07e70efcfab08731a97e7b91be644de|"2020-10-11 18:00:04 , created via export from SQMS1"
459|7fe1f8abaad094e0b5cb1b01d712f708|"2020-10-11 18:00:04 , created via export from SQMS1"
460|98b297950041a42470269d56260243a1|"2020-10-11 18:00:04 , created via export from SQMS1"
461|0353ab4cbed5beae847a7ff6e220b5cf|"2020-10-11 18:00:04 , created via export from SQMS1"
462|51d92be1c60d1db1d2e5e7a07da55b26|"2020-10-11 18:00:04 , created via export from SQMS1"
463|428fca9bc1921c25c5121f9da7815cde|"2020-10-11 18:00:04 , created via export from SQMS1"
464|f1b6f2857fb6d44dd73c7041e0aa0f19|"2020-10-11 18:00:04 , created via export from SQMS1"
465|68ce199ec2c5517597ce0a4d89620f55|"2020-10-11 18:00:04 , created via export from SQMS1"
466|e836d813fd184325132fca8edcdfb40e|"2020-10-11 18:00:04 , created via export from SQMS1"
467|ab817c9349cf9c4f6877e1894a1faa00|"2020-10-11 18:00:04 , created via export from SQMS1"
468|877a9ba7a98f75b90a9d49f53f15a858|"2020-10-11 18:00:04 , created via export from SQMS1"
469|dc6a6489640ca02b0d42dabeb8e46bb7|"2020-10-11 18:00:04 , created via export from SQMS1"
470|26337353b7962f533d78c762373b3318|"2020-10-11 18:00:04 , created via export from SQMS1"
471|8e6b42f1644ecb1327dc03ab345e618b|"2020-10-11 18:00:04 , created via export from SQMS1"
472|ef575e8837d065a1683c022d2077d342|"2020-10-11 18:00:04 , created via export from SQMS1"
473|2050e03ca119580f74cca14cc6e97462|"2020-10-11 18:00:04 , created via export from SQMS1"
474|25ddc0f8c9d3e22e03d3076f98d83cb2|"2020-10-11 18:00:04 , created via export from SQMS1"
475|5ef0b4eba35ab2d6180b0bca7e46b6f9|"2020-10-11 18:00:04 , created via export from SQMS1"
476|598b3e71ec378bd83e0a727608b5db01|"2020-10-11 18:00:04 , created via export from SQMS1"
477|74071a673307ca7459bcf75fbd024e09|"2020-10-11 18:00:04 , created via export from SQMS1"
478|cfee398643cbc3dc5eefc89334cacdc1|"2020-10-11 18:00:04 , created via export from SQMS1"
479|d18f655c3fce66ca401d5f38b48c89af|"2020-10-11 18:00:04 , created via export from SQMS1"
480|6ea2ef7311b482724a9b7b0bc0dd85c6|"2020-10-11 18:00:04 , created via export from SQMS1"
481|9461cce28ebe3e76fb4b931c35a169b0|"2020-10-11 18:00:04 , created via export from SQMS1"
482|f770b62bc8f42a0b66751fe636fc6eb0|"2020-10-11 18:00:04 , created via export from SQMS1"
483|e1e32e235eee1f970470a3a6658dfdd5|"2020-10-11 18:00:04 , created via export from SQMS1"
484|eba0dc302bcd9a273f8bbb72be3a687b|"2020-10-11 18:00:04 , created via export from SQMS1"
511|a760880003e7ddedfef56acb3b09697f|"2020-10-11 18:00:04 , created via export from SQMS1"
512|10a7cdd970fe135cf4f7bb55c0e3b59f|"2020-10-11 18:00:04 , created via export from SQMS1"
513|3dc4876f3f08201c7c76cb71fa1da439|"2020-10-11 18:00:04 , created via export from SQMS1"
514|59b90e1005a220e2ebc542eb9d950b1e|"2020-10-11 18:00:04 , created via export from SQMS1"
515|2b8a61594b1f4c4db0902a8a395ced93|"2020-10-11 18:00:04 , created via export from SQMS1"
516|f3f27a324736617f20abbf2ffd806f6d|"2020-10-11 18:00:04 , created via export from SQMS1"
517|38913e1d6a7b94cb0f55994f679f5956|"2020-10-11 18:00:04 , created via export from SQMS1"
518|ebd9629fc3ae5e9f6611e2ee05a31cef|"2020-10-11 18:00:04 , created via export from SQMS1"
519|63538fe6ef330c13a05a3ed7e599d5f7|"2020-10-11 18:00:04 , created via export from SQMS1"
520|cf67355a3333e6e143439161adc2d82e|"2020-10-11 18:00:04 , created via export from SQMS1"
521|07563a3fe3bbe7e3ba84431ad9d055af|"2020-10-11 18:00:04 , created via export from SQMS1"
522|53fde96fcc4b4ce72d7739202324cd49|"2020-10-11 18:00:04 , created via export from SQMS1"
523|2bb232c0b13c774965ef8558f0fbd615|"2020-10-11 18:00:04 , created via export from SQMS1"
527|13f320e7b5ead1024ac95c3b208610db|"2020-10-11 18:00:04 , created via export from SQMS1"
528|f4be00279ee2e0a53eafdaa94a151e2c|"2020-10-11 18:00:04 , created via export from SQMS1"
529|37f0e884fbad9667e38940169d0a3c95|"2020-10-11 18:00:04 , created via export from SQMS1"
530|d64a340bcb633f536d56e51874281454|"2020-10-11 18:00:04 , created via export from SQMS1"
531|0fcbc61acd0479dc77e3cccc0f5ffca7|"2020-10-11 18:00:04 , created via export from SQMS1"
532|298f95e1bf9136124592c8d4825a06fc|"2020-10-11 18:00:04 , created via export from SQMS1"
533|df877f3865752637daa540ea9cbc474f|"2020-10-11 18:00:04 , created via export from SQMS1"
534|c399862d3b9d6b76c8436e924a68c45b|"2020-10-11 18:00:04 , created via export from SQMS1"
535|33e8075e9970de0cfea955afd4644bb2|"2020-10-11 18:00:04 , created via export from SQMS1"
536|65658fde58ab3c2b6e5132a39fae7cb9|"2020-10-11 18:00:04 , created via export from SQMS1"
537|5ea1649a31336092c05438df996a3e59|"2020-10-11 18:00:04 , created via export from SQMS1"
538|7bcdf75ad237b8e02e301f4091fb6bc8|"2020-10-11 18:00:04 , created via export from SQMS1"
539|5737034557ef5b8c02c0e46513b98f90|"2020-10-11 18:00:04 , created via export from SQMS1"
540|9b72e31dac81715466cd580a448cf823|"2020-10-11 18:00:04 , created via export from SQMS1"
541|16c222aa19898e5058938167c8ab6c57|"2020-10-11 18:00:04 , created via export from SQMS1"
542|7dcd340d84f762eba80aa538b0c527f7|"2020-10-11 18:00:04 , created via export from SQMS1"
543|81448138f5f163ccdba4acc69819f280|"2020-10-11 18:00:04 , created via export from SQMS1"
544|97e8527feaf77a97fc38f34216141515|"2020-10-11 18:00:04 , created via export from SQMS1"
545|647bba344396e7c8170902bcf2e15551|"2020-10-11 18:00:04 , created via export from SQMS1"
546|ed265bc903a5a097f61d3ec064d96d2e|"2020-10-11 18:00:04 , created via export from SQMS1"
547|c75b6f114c23a4d7ea11331e7c00e73c|"2020-10-11 18:00:04 , created via export from SQMS1"
548|8d34201a5b85900908db6cae92723617|"2020-10-11 18:00:04 , created via export from SQMS1"
549|ccb1d45fb76f7c5a0bf619f979c6cf36|"2020-10-11 18:00:04 , created via export from SQMS1"
550|01f78be6f7cad02658508fe4616098a9|"2020-10-11 18:00:04 , created via export from SQMS1"
551|7f24d240521d99071c93af3917215ef7|"2020-10-11 18:00:04 , created via export from SQMS1"
552|94c7bb58efc3b337800875b5d382a072|"2020-10-11 18:00:04 , created via export from SQMS1"
553|f387624df552cea2f369918c5e1e12bc|"2020-10-11 18:00:04 , created via export from SQMS1"
554|5e388103a391daabe3de1d76a6739ccd|"2020-10-11 18:00:04 , created via export from SQMS1"
555|15de21c670ae7c3f6f3f1f37029303c9|"2020-10-11 18:00:04 , created via export from SQMS1"
556|11b921ef080f7736089c757404650e40|"2020-10-11 18:00:04 , created via export from SQMS1"
590|08b255a5d42b89b0585260b6f2360bdd|"2020-10-11 18:00:04 , created via export from SQMS1"
591|3493894fa4ea036cfc6433c3e2ee63b0|"2020-10-11 18:00:04 , created via export from SQMS1"
592|dbe272bab69f8e13f14b405e038deb64|"2020-10-11 18:00:04 , created via export from SQMS1"
593|acc3e0404646c57502b480dc052c4fe1|"2020-10-11 18:00:04 , created via export from SQMS1"
594|076a0c97d09cf1a0ec3e19c7f2529f2b|"2020-10-11 18:00:04 , created via export from SQMS1"
595|04ecb1fa28506ccb6f72b12c0245ddbc|"2020-10-11 18:00:04 , created via export from SQMS1"
596|b2eeb7362ef83deff5c7813a67e14f0a|"2020-10-11 18:00:04 , created via export from SQMS1"
597|08c5433a60135c32e34f46a71175850c|"2020-10-11 18:00:04 , created via export from SQMS1"
598|6aca97005c68f1206823815f66102863|"2020-10-11 18:00:04 , created via export from SQMS1"
599|3435c378bb76d4357324dd7e69f3cd18|"2020-10-11 18:00:04 , created via export from SQMS1"
600|d490d7b4576290fa60eb31b5fc917ad1|"2020-10-11 18:00:04 , created via export from SQMS1"
601|b2f627fff19fda463cb386442eac2b3d|"2020-10-11 18:00:04 , created via export from SQMS1"
605|c361bc7b2c033a83d663b8d9fb4be56e|"2020-10-11 18:00:04 , created via export from SQMS1"
606|44c4c17332cace2124a1a836d9fc4b6f|"2020-10-11 18:00:04 , created via export from SQMS1"
607|dc82d632c9fcecb0778afbc7924494a6|"2020-10-11 18:00:04 , created via export from SQMS1"
608|996a7fa078cc36c46d02f9af3bef918b|"2020-10-11 18:00:04 , created via export from SQMS1"
609|d7a728a67d909e714c0774e22cb806f2|"2020-10-11 18:00:04 , created via export from SQMS1"
610|00ac8ed3b4327bdd4ebbebcb2ba10a00|"2020-10-11 18:00:04 , created via export from SQMS1"
611|8ebda540cbcc4d7336496819a46a1b68|"2020-10-11 18:00:04 , created via export from SQMS1"
612|f76a89f0cb91bc419542ce9fa43902dc|"2020-10-11 18:00:04 , created via export from SQMS1"
613|f29c21d4897f78948b91f03172341b7b|"2020-10-11 18:00:04 , created via export from SQMS1"
614|851ddf5058cf22df63d3344ad89919cf|"2020-10-11 18:00:04 , created via export from SQMS1"
615|58d4d1e7b1e97b258c9ed0b37e02d087|"2020-10-11 18:00:04 , created via export from SQMS1"
616|7750ca3559e5b8e1f44210283368fc16|"2020-10-11 18:00:04 , created via export from SQMS1"
617|5d44ee6f2c3f71b73125876103c8f6c4|"2020-10-11 18:00:04 , created via export from SQMS1"
618|eb6fdc36b281b7d5eabf33396c2683a2|"2020-10-11 18:00:04 , created via export from SQMS1"
619|cdc0d6e63aa8e41c89689f54970bb35f|"2020-10-11 18:00:04 , created via export from SQMS1"
620|b73dfe25b4b8714c029b37a6ad3006fa|"2020-10-11 18:00:04 , created via export from SQMS1"
621|85fc37b18c57097425b52fc7afbb6969|"2020-10-11 18:00:04 , created via export from SQMS1"
622|3871bd64012152bfb53fdf04b401193f|"2020-10-11 18:00:04 , created via export from SQMS1"
623|a733fa9b25f33689e2adbe72199f0e62|"2020-10-11 18:00:04 , created via export from SQMS1"
624|48ab2f9b45957ab574cf005eb8a76760|"2020-10-11 18:00:04 , created via export from SQMS1"
625|233509073ed3432027d48b1a83f5fbd2|"2020-10-11 18:00:04 , created via export from SQMS1"
626|45645a27c4f1adc8a7a835976064a86d|"2020-10-11 18:00:04 , created via export from SQMS1"
627|185c29dc24325934ee377cfda20e414c|"2020-10-11 18:00:04 , created via export from SQMS1"
628|42e77b63637ab381e8be5f8318cc28a2|"2020-10-11 18:00:04 , created via export from SQMS1"
629|051e4e127b92f5d98d3c79b195f2b291|"2020-10-11 18:00:04 , created via export from SQMS1"
630|9cc138f8dc04cbf16240daa92d8d50e2|"2020-10-11 18:00:04 , created via export from SQMS1"
631|b7bb35b9c6ca2aee2df08cf09d7016c2|"2020-10-11 18:00:04 , created via export from SQMS1"
661|3a066bda8c96b9478bb0512f0a43028c|"2020-10-11 18:00:04 , created via export from SQMS1"
662|be3159ad04564bfb90db9e32851ebf9c|"2020-10-11 18:00:04 , created via export from SQMS1"
663|8757150decbd89b0f5442ca3db4d0e0e|"2020-10-11 18:00:04 , created via export from SQMS1"
664|2291d2ec3b3048d1a6f86c2c4591b7e0|"2020-10-11 18:00:04 , created via export from SQMS1"
665|84117275be999ff55a987b9381e01f96|"2020-10-11 18:00:04 , created via export from SQMS1"
666|fae0b27c451c728867a567e8c1bb4e53|"2020-10-11 18:00:04 , created via export from SQMS1"
667|b5dc4e5d9b495d0196f61d45b26ef33e|"2020-10-11 18:00:04 , created via export from SQMS1"
668|192fc044e74dffea144f9ac5dc9f3395|"2020-10-11 18:00:04 , created via export from SQMS1"
669|5c04925674920eb58467fb52ce4ef728|"2020-10-11 18:00:04 , created via export from SQMS1"
670|17c276c8e723eb46aef576537e9d56d0|"2020-10-11 18:00:04 , created via export from SQMS1"
673|9f396fe44e7c05c16873b05ec425cbad|"2020-10-11 18:00:04 , created via export from SQMS1"
674|0d7de1aca9299fe63f3e0041f02638a3|"2020-10-11 18:00:04 , created via export from SQMS1"
675|8fecb20817b3847419bb3de39a609afe|"2020-10-11 18:00:04 , created via export from SQMS1"
676|dc6a70712a252123c40d2adba6a11d84|"2020-10-11 18:00:04 , created via export from SQMS1"
677|71a3cb155f8dc89bf3d0365288219936|"2020-10-11 18:00:04 , created via export from SQMS1"
678|9fe8593a8a330607d76796b35c64c600|"2020-10-11 18:00:04 , created via export from SQMS1"
679|ca9c267dad0305d1a6308d2a0cf1c39c|"2020-10-11 18:00:04 , created via export from SQMS1"
680|fccb3cdc9acc14a6e70a12f74560c026|"2020-10-11 18:00:04 , created via export from SQMS1"
681|1595af6435015c77a7149e92a551338e|"2020-10-11 18:00:04 , created via export from SQMS1"
682|08d98638c6fcd194a4b1e6992063e944|"2020-10-11 18:00:04 , created via export from SQMS1"
683|24681928425f5a9133504de568f5f6df|"2020-10-11 18:00:04 , created via export from SQMS1"
684|556f391937dfd4398cbac35e050a2177|"2020-10-11 18:00:04 , created via export from SQMS1"
715|8df707a948fac1b4a0f97aa554886ec8|"2020-10-11 18:00:04 , created via export from SQMS1"
716|e7f8a7fb0b77bcb3b283af5be021448f|"2020-10-11 18:00:04 , created via export from SQMS1"
717|788d986905533aba051261497ecffcbb|"2020-10-11 18:00:04 , created via export from SQMS1"
718|50c3d7614917b24303ee6a220679dab3|"2020-10-11 18:00:04 , created via export from SQMS1"
719|2afe4567e1bf64d32a5527244d104cea|"2020-10-11 18:00:04 , created via export from SQMS1"
720|5f2c22cb4a5380af7ca75622a6426917|"2020-10-11 18:00:04 , created via export from SQMS1"
721|aba3b6fd5d186d28e06ff97135cade7f|"2020-10-11 18:00:04 , created via export from SQMS1"
722|c8ed21db4f678f3b13b9d5ee16489088|"2020-10-11 18:00:04 , created via export from SQMS1"
723|08419be897405321542838d77f855226|"2020-10-11 18:00:04 , created via export from SQMS1"
724|7f1171a78ce0780a2142a6eb7bc4f3c8|"2020-10-11 18:00:04 , created via export from SQMS1"
725|82f2b308c3b01637c607ce05f52a2fed|"2020-10-11 18:00:04 , created via export from SQMS1"
726|0d3180d672e08b4c5312dcdafdf6ef36|"2020-10-11 18:00:04 , created via export from SQMS1"
727|fb89705ae6d743bf1e848c206e16a1d7|"2020-10-11 18:00:04 , created via export from SQMS1"
728|d4c2e4a3297fe25a71d030b67eb83bfc|"2020-10-11 18:00:04 , created via export from SQMS1"
729|5751ec3e9a4feab575962e78e006250d|"2020-10-11 18:00:04 , created via export from SQMS1"
730|d5cfead94f5350c12c322b5b664544c1|"2020-10-11 18:00:04 , created via export from SQMS1"
731|59c33016884a62116be975a9bb8257e3|"2020-10-11 18:00:04 , created via export from SQMS1"
732|ba3866600c3540f67c1e9575e213be0a|"2020-10-11 18:00:04 , created via export from SQMS1"
733|6c29793a140a811d0c45ce03c1c93a28|"2020-10-11 18:00:04 , created via export from SQMS1"
734|e995f98d56967d946471af29d7bf99f1|"2020-10-11 18:00:04 , created via export from SQMS1"
735|6cd67d9b6f0150c77bda2eda01ae484c|"2020-10-11 18:00:04 , created via export from SQMS1"
736|6bc24fc1ab650b25b4114e93a98f1eba|"2020-10-11 18:00:04 , created via export from SQMS1"
737|a5cdd4aa0048b187f7182f1b9ce7a6a7|"2020-10-11 18:00:04 , created via export from SQMS1"
738|217eedd1ba8c592db97d0dbe54c7adfc|"2020-10-11 18:00:04 , created via export from SQMS1"
739|df263d996281d984952c07998dc54358|"2020-10-11 18:00:04 , created via export from SQMS1"
740|edfbe1afcf9246bb0d40eb4d8027d90f|"2020-10-11 18:00:04 , created via export from SQMS1"
741|2e65f2f2fdaf6c699b223c61b1b5ab89|"2020-10-11 18:00:04 , created via export from SQMS1"
742|e94550c93cd70fe748e6982b3439ad3b|"2020-10-11 18:00:04 , created via export from SQMS1"
743|5c572eca050594c7bc3c36e7e8ab9550|"2020-10-11 18:00:04 , created via export from SQMS1"
744|0537fb40a68c18da59a35c2bfe1ca554|"2020-10-11 18:00:04 , created via export from SQMS1"
775|c0f168ce8900fa56e57789e2a2f2c9d0|"2020-10-11 18:00:04 , created via export from SQMS1"
776|8c6744c9d42ec2cb9e8885b54ff744d0|"2020-10-11 18:00:04 , created via export from SQMS1"
777|f1c1592588411002af340cbaedd6fc33|"2020-10-11 18:00:04 , created via export from SQMS1"
778|e07413354875be01a996dc560274708e|"2020-10-11 18:00:04 , created via export from SQMS1"
779|67d96d458abdef21792e6d8e590244e7|"2020-10-11 18:00:04 , created via export from SQMS1"
780|a8e864d04c95572d1aece099af852d0a|"2020-10-11 18:00:04 , created via export from SQMS1"
781|7143d7fbadfa4693b9eec507d9d37443|"2020-10-11 18:00:04 , created via export from SQMS1"
782|72da7fd6d1302c0a159f6436d01e9eb0|"2020-10-11 18:00:04 , created via export from SQMS1"
783|6e0721b2c6977135b916ef286bcb49ec|"2020-10-11 18:00:04 , created via export from SQMS1"
784|fc8001f834f6a5f0561080d134d53d29|"2020-10-11 18:00:04 , created via export from SQMS1"
785|4b04a686b0ad13dce35fa99fa4161c65|"2020-10-11 18:00:04 , created via export from SQMS1"
786|61b4a64be663682e8cb037d9719ad8cd|"2020-10-11 18:00:04 , created via export from SQMS1"
787|3621f1454cacf995530ea53652ddf8fb|"2020-10-11 18:00:04 , created via export from SQMS1"
788|c15da1f2b5e5ed6e6837a3802f0d1593|"2020-10-11 18:00:04 , created via export from SQMS1"
789|68053af2923e00204c3ca7c6a3150cf7|"2020-10-11 18:00:04 , created via export from SQMS1"
790|2dace78f80bc92e6d7493423d729448e|"2020-10-11 18:00:04 , created via export from SQMS1"
791|df7f28ac89ca37bf1abd2f6c184fe1cf|"2020-10-11 18:00:04 , created via export from SQMS1"
792|96ea64f3a1aa2fd00c72faacf0cb8ac9|"2020-10-11 18:00:04 , created via export from SQMS1"
793|da8ce53cf0240070ce6c69c48cd588ee|"2020-10-11 18:00:04 , created via export from SQMS1"
794|82489c9737cc245530c7a6ebef3753ec|"2020-10-11 18:00:04 , created via export from SQMS1"
795|7c590f01490190db0ed02a5070e20f01|"2020-10-11 18:00:04 , created via export from SQMS1"
796|35cf8659cfcb13224cbd47863a34fc58|"2020-10-11 18:00:04 , created via export from SQMS1"
797|beb22fb694d513edcf5533cf006dfeae|"2020-10-11 18:00:04 , created via export from SQMS1"
798|9e3cfc48eccf81a0d57663e129aef3cb|"2020-10-11 18:00:04 , created via export from SQMS1"
799|28267ab848bcf807b2ed53c3a8f8fc8a|"2020-10-11 18:00:04 , created via export from SQMS1"
800|7a53928fa4dd31e82c6ef826f341daec|"2020-10-11 18:00:04 , created via export from SQMS1"
801|1905aedab9bf2477edc068a355bba31a|"2020-10-11 18:00:04 , created via export from SQMS1"
802|1141938ba2c2b13f5505d7c424ebae5f|"2020-10-11 18:00:04 , created via export from SQMS1"
803|1aa48fc4880bb0c9b8a3bf979d3b917e|"2020-10-11 18:00:04 , created via export from SQMS1"
804|dc5689792e08eb2e219dce49e64c885b|"2020-10-11 18:00:04 , created via export from SQMS1"
805|846c260d715e5b854ffad5f70a516c88|"2020-10-11 18:00:04 , created via export from SQMS1"
806|d58072be2820e8682c0a27c0518e805e|"2020-10-11 18:00:04 , created via export from SQMS1"
807|6e7b33fdea3adc80ebd648fffb665bb8|"2020-10-11 18:00:04 , created via export from SQMS1"
808|a8ecbabae151abacba7dbde04f761c37|"2020-10-11 18:00:04 , created via export from SQMS1"
809|32b30a250abd6331e03a2a1f16466346|"2020-10-11 18:00:04 , created via export from SQMS1"
810|b6edc1cd1f36e45daf6d7824d7bb2283|"2020-10-11 18:00:04 , created via export from SQMS1"
811|670e8a43b246801ca1eaca97b3e19189|"2020-10-11 18:00:04 , created via export from SQMS1"
812|81e74d678581a3bb7a720b019f4f1a93|"2020-10-11 18:00:04 , created via export from SQMS1"
813|e0cf1f47118daebc5b16269099ad7347|"2020-10-11 18:00:04 , created via export from SQMS1"
814|96b9bff013acedfb1d140579e2fbeb63|"2020-10-11 18:00:04 , created via export from SQMS1"
815|71ad16ad2c4d81f348082ff6c4b20768|"2020-10-11 18:00:04 , created via export from SQMS1"
816|43fa7f58b7eac7ac872209342e62e8f1|"2020-10-11 18:00:04 , created via export from SQMS1"
817|31839b036f63806cba3f47b93af8ccb5|"2020-10-11 18:00:04 , created via export from SQMS1"
818|f0adc8838f4bdedde4ec2cfad0515589|"2020-10-11 18:00:04 , created via export from SQMS1"
819|3b5dca501ee1e6d8cd7b905f4e1bf723|"2020-10-11 18:00:04 , created via export from SQMS1"
820|e2a2dcc36a08a345332c751b2f2e476c|"2020-10-11 18:00:04 , created via export from SQMS1"
821|4558dbb6f6f8bb2e16d03b85bde76e2c|"2020-10-11 18:00:04 , created via export from SQMS1"
822|afda332245e2af431fb7b672a68b659d|"2020-10-11 18:00:04 , created via export from SQMS1"
823|632cee946db83e7a52ce5e8d6f0fed35|"2020-10-11 18:00:04 , created via export from SQMS1"
824|677e09724f0e2df9b6c000b75b5da10d|"2020-10-11 18:00:04 , created via export from SQMS1"
825|d554f7bb7be44a7267068a7df88ddd20|"2020-10-11 18:00:04 , created via export from SQMS1"
826|795c7a7a5ec6b460ec00c5841019b9e9|"2020-10-11 18:00:04 , created via export from SQMS1"
827|fa3a3c407f82377f55c19c5d403335c7|"2020-10-11 18:00:04 , created via export from SQMS1"
828|c2626d850c80ea07e7511bbae4c76f4b|"2020-10-11 18:00:04 , created via export from SQMS1"
829|ce78d1da254c0843eb23951ae077ff5f|"2020-10-11 18:00:04 , created via export from SQMS1"
857|847cc55b7032108eee6dd897f3bca8a5|"2020-10-11 18:00:04 , created via export from SQMS1"
858|a67f096809415ca1c9f112d96d27689b|"2020-10-11 18:00:04 , created via export from SQMS1"
859|2a084e55c87b1ebcdaad1f62fdbbac8e|"2020-10-11 18:00:04 , created via export from SQMS1"
860|fc49306d97602c8ed1be1dfbf0835ead|"2020-10-11 18:00:04 , created via export from SQMS1"
861|f9a40a4780f5e1306c46f1c8daecee3b|"2020-10-11 18:00:04 , created via export from SQMS1"
862|5ec91aac30eae62f4140325d09b9afd0|"2020-10-11 18:00:04 , created via export from SQMS1"
863|19b650660b253761af189682e03501dd|"2020-10-11 18:00:04 , created via export from SQMS1"
864|1fc214004c9481e4c8073e85323bfd4b|"2020-10-11 18:00:04 , created via export from SQMS1"
865|3b3dbaf68507998acd6a5a5254ab2d76|"2020-10-11 18:00:04 , created via export from SQMS1"
866|ca8155f4d27f205953f9d3d7974bdd70|"2020-10-11 18:00:04 , created via export from SQMS1"
867|ede7e2b6d13a41ddf9f4bdef84fdc737|"2020-10-11 18:00:04 , created via export from SQMS1"
868|dd45045f8c68db9f54e70c67048d32e8|"2020-10-11 18:00:04 , created via export from SQMS1"
869|49c9adb18e44be0711a94e827042f630|"2020-10-11 18:00:04 , created via export from SQMS1"
870|22fb0cee7e1f3bde58293de743871417|"2020-10-11 18:00:04 , created via export from SQMS1"
871|aeb3135b436aa55373822c010763dd54|"2020-10-11 18:00:04 , created via export from SQMS1"
872|43feaeeecd7b2fe2ae2e26d917b6477d|"2020-10-11 18:00:04 , created via export from SQMS1"
873|98d6f58ab0dafbb86b083a001561bb34|"2020-10-11 18:00:04 , created via export from SQMS1"
874|51ef186e18dc00c2d31982567235c559|"2020-10-11 18:00:04 , created via export from SQMS1"
875|4b0a59ddf11c58e7446c9df0da541a84|"2020-10-11 18:00:04 , created via export from SQMS1"
876|67d16d00201083a2b118dd5128dd6f59|"2020-10-11 18:00:04 , created via export from SQMS1"
877|352407221afb776e3143e8a1a0577885|"2020-10-11 18:00:04 , created via export from SQMS1"
878|dd8eb9f23fbd362da0e3f4e70b878c16|"2020-10-11 18:00:04 , created via export from SQMS1"
879|d516b13671a4179d9b7b458a6ebdeb92|"2020-10-11 18:00:04 , created via export from SQMS1"
880|1f50893f80d6830d62765ffad7721742|"2020-10-11 18:00:04 , created via export from SQMS1"
881|7504adad8bb96320eb3afdd4df6e1f60|"2020-10-11 18:00:04 , created via export from SQMS1"
990383|d439ad36bafde98f768a6004c985868d|"2020-10-11 18:00:04 , created via export from SQMS1"
990384|9359ed62d7b1f98a0876699711d1e560|"2020-10-11 18:00:04 , created via export from SQMS1"
990385|90c27950fd615abe4bc4185479c99c15|"2020-10-11 18:00:04 , created via export from SQMS1"
990386|56fb3157cb7ddcb2434c671f745b8063|"2020-10-11 18:00:04 , created via export from SQMS1"
990387|daa84d602cdb413117d071ca5855e2c9|"2020-10-11 18:00:04 , created via export from SQMS1"
990388|e9a7dfcf89930c987083c0fbd23b9125|"2020-10-11 18:00:04 , created via export from SQMS1"
990389|8f5a81dad6eaa18152cfdcdccf4a9b56|"2020-10-11 18:00:04 , created via export from SQMS1"
990390|e9ec282f481ba72873a5ba82914e1512|"2020-10-11 18:00:04 , created via export from SQMS1"
990391|936f79327d0b9664010db4e2e366e494|"2020-10-11 18:00:04 , created via export from SQMS1"
990392|654d857c9f7dd47f985fa0a21080927a|"2020-10-11 18:00:04 , created via export from SQMS1"
990393|0d8f314ea2d9d99faf6a43b331d635c6|"2020-10-11 18:00:04 , created via export from SQMS1"
990394|e30283c2bdb066ba8a81471cb8d303fd|"2020-10-11 18:00:04 , created via export from SQMS1"
990395|877c1ea60c39b1968901128b566987c4|"2020-10-11 18:00:04 , created via export from SQMS1"
990396|b021cc3a5da402bb4d8bbc5e19f93ea1|"2020-10-11 18:00:04 , created via export from SQMS1"
990397|59666268467abd46dc573e2cadb5fbd3|"2020-10-11 18:00:04 , created via export from SQMS1"
990399|df3bae493e3cf0dd85bc73fc69f9df72|"2020-10-11 18:00:04 , created via export from SQMS1"
990400|aef58b3bab1229ff9405cf2f28374053|"2020-10-11 18:00:04 , created via export from SQMS1"
990401|4e7a3b8d0d9602d78e577e4ea054c395|"2020-10-11 18:00:04 , created via export from SQMS1"
990402|e44607ae829fab23593821c57f80a6d5|"2020-10-11 18:00:04 , created via export from SQMS1"
990403|a418ce46ce6582ec41fc12804670c9b1|"2020-10-11 18:00:04 , created via export from SQMS1"
990404|25ad1a6ae4d50b0abfb86759b4f55032|"2020-10-11 18:00:04 , created via export from SQMS1"
990405|b798c9f9e2af69c3a5b950a06e4ade8e|"2020-10-11 18:00:04 , created via export from SQMS1"
990406|c9287928b14bf4afef2682835dab5d3b|"2020-10-11 18:00:04 , created via export from SQMS1"
990407|47935f600d283e2d28096193c38fe803|"2020-10-11 18:00:04 , created via export from SQMS1"
990408|a9df7d1b5b525a68d10068653d799ef6|"2020-10-11 18:00:04 , created via export from SQMS1"
990409|cba376dba77dac957dd0569b30b4487e|"2020-10-11 18:00:04 , created via export from SQMS1"
990410|edab8bac899a7d79f6ed35764bea7f8d|"2020-10-11 18:00:04 , created via export from SQMS1"
990411|b869cdaafbaf77d8567d67c5aa29d20a|"2020-10-11 18:00:04 , created via export from SQMS1"
990412|d9ab8077a90ae4ecafdfbaaa0be17e56|"2020-10-11 18:00:04 , created via export from SQMS1"
990413|186aa4c7e004d29984cc4c94eec5dad4|"2020-10-11 18:00:04 , created via export from SQMS1"
990414|01e2db2a2004066f0d985cc4370ddf14|"2020-10-11 18:00:04 , created via export from SQMS1"
990415|64146feb591364c6fa4e8e4775463740|"2020-10-11 18:00:04 , created via export from SQMS1"
990416|b16b6f3281109f34b5538a4cc0b18891|"2020-10-11 18:00:04 , created via export from SQMS1"
990417|fcd6eede2b1df9ba0987b9194b2997af|"2020-10-11 18:00:04 , created via export from SQMS1"
990418|6eee2fc3bbce49ebf3e8d72041a8f864|"2020-10-11 18:00:04 , created via export from SQMS1"
990419|72417d9b21b4f837cb1c419e369081fc|"2020-10-11 18:00:04 , created via export from SQMS1"
990420|c4463e41a5f22bef9d1ce6785d056788|"2020-10-11 18:00:04 , created via export from SQMS1"
990421|2bed4e9f39f2ea13c9a2a099a69e8032|"2020-10-11 18:00:04 , created via export from SQMS1"
990422|8614058bfceaf2127ea3b022482b9102|"2020-10-11 18:00:04 , created via export from SQMS1"
990423|ecd9d377ff6c7bd209fd7c4dbfc6d3b3|"2020-10-11 18:00:04 , created via export from SQMS1"
990424|795549ed1e1aed540f0dacf856b6d0cc|"2020-10-11 18:00:04 , created via export from SQMS1"
990425|871f684692e0f1d5c3f6aa66655d9a79|"2020-10-11 18:00:04 , created via export from SQMS1"
990426|2b28feb1159ba48093a33b8ed3074f41|"2020-10-11 18:00:04 , created via export from SQMS1"
990427|01dd565b7c7a7a742792da478fd40e7a|"2020-10-11 18:00:04 , created via export from SQMS1"
990428|6dfb35ba74e7027de473e1be55c184e9|"2020-10-11 18:00:04 , created via export from SQMS1"
990429|31a44df88a1ae9b673e3e0ed65b7089e|"2020-10-11 18:00:04 , created via export from SQMS1"
990430|50a1e1182fa37d425d2dfe969b442f18|"2020-10-11 18:00:04 , created via export from SQMS1"
990431|4ac4ca66f2df54a5e01b7712343cccc1|"2020-10-11 18:00:04 , created via export from SQMS1"
990432|d23b6f9a482f406aba832784fa401b74|"2020-10-11 18:00:04 , created via export from SQMS1"
990433|7f3c804f99d81bc7d07a195cdec4ba3a|"2020-10-11 18:00:04 , created via export from SQMS1"
990434|64bc90c9069ab5618af51a24c67d6383|"2020-10-11 18:00:04 , created via export from SQMS1"
990439|aa9e84ac0759bf110ed1126fe9c31ac2|"2020-10-11 18:00:04 , created via export from SQMS1"
990440|ed941af9194f99aa4f0308fb084c81d7|"2020-10-11 18:00:04 , created via export from SQMS1"
990441|67673b084c16146033127b81994b53dd|"2020-10-11 18:00:04 , created via export from SQMS1"
990442|453fcc2c3daf5e58005346912e2e13c9|"2020-10-11 18:00:04 , created via export from SQMS1"
990443|e510eddd7959012e7e7bdc9a53784b67|"2020-10-11 18:00:04 , created via export from SQMS1"
990445|19c513e54f05c42f890df86dc7d89ccf|"2020-10-11 18:00:04 , created via export from SQMS1"
990446|5597dd95d14927cab299aef48d2fd56c|"2020-10-11 18:00:04 , created via export from SQMS1"
990448|757c0475617658600186bc51bc6f3850|"2020-10-11 18:00:04 , created via export from SQMS1"
990449|83fbf2d4513818edca73fbb83318b5bd|"2020-10-11 18:00:04 , created via export from SQMS1"
990450|87f7d869e60de08ecca9898ac72ba6ca|"2020-10-11 18:00:04 , created via export from SQMS1"
990451|94e9418537b8c59cf08bcbdd43b55107|"2020-10-11 18:00:04 , created via export from SQMS1"
990452|adf8fb0bbc8aea96afbb8f4f7b177102|"2020-10-11 18:00:04 , created via export from SQMS1"
990455|987a02559fe2dd1e4281ba5b5750a783|"2020-10-11 18:00:04 , created via export from SQMS1"
990458|2d0a85909ed7612dfa4205e2e02e1b1e|"2020-10-11 18:00:04 , created via export from SQMS1"
990459|e54f78ded158d32301903cd27f4a02e5|"2020-10-11 18:00:04 , created via export from SQMS1"
990460|e941d9992aa31081192690e681d1972f|"2020-10-11 18:00:04 , created via export from SQMS1"
990461|0c06267ca9ef9b9c22e1b4053af57cd7|"2020-10-11 18:00:04 , created via export from SQMS1"
990462|c03c1a1ef4e124d0b7913ed16c6445b5|"2020-10-11 18:00:04 , created via export from SQMS1"
990463|6e3afaceb28d5f7d91d4d3bb1b518e9e|"2020-10-11 18:00:04 , created via export from SQMS1"
990464|e33cf4df5b7911f2a5a32b5c07e2f994|"2020-10-11 18:00:04 , created via export from SQMS1"
990465|1baca1a754630674936803474cbc1a7c|"2020-10-11 18:00:04 , created via export from SQMS1"
990466|aedbda129fcea910721a3f77f1f256f1|"2020-10-11 18:00:04 , created via export from SQMS1"
990467|e18da6ef884173b0c809b97ac6d2ce3d|"2020-10-11 18:00:04 , created via export from SQMS1"
990468|a2835f60ba8a5f1a4f385e83b3df7cca|"2020-10-11 18:00:04 , created via export from SQMS1"
990469|9181561b7d40a21981c0395899601ec5|"2020-10-11 18:00:04 , created via export from SQMS1"
990470|e07c1fc3ce8db5f5075c537de00c6a61|"2020-10-11 18:00:04 , created via export from SQMS1"
990471|24a5a958129840de99a2b45d4c2798f6|"2020-10-11 18:00:04 , created via export from SQMS1"
990472|824929bdfba655a7fa9854db3b1cbf2f|"2020-10-11 18:00:04 , created via export from SQMS1"
990473|9161d99d0c939c411590d1c690b73c24|"2020-10-11 18:00:04 , created via export from SQMS1"
990475|563d5bc53b7c2cb224e013e00d1dc675|"2020-10-11 18:00:04 , created via export from SQMS1"
990476|309e8941b9826f996b9e279180a1885e|"2020-10-11 18:00:04 , created via export from SQMS1"
990477|b1692aed51f13ba8bef3015cb3b3bc12|"2020-10-11 18:00:04 , created via export from SQMS1"
990479|79d07034effaad490d7f69f76ccaf02c|"2020-10-11 18:00:04 , created via export from SQMS1"
990480|ea18bc473c7c6b633b972748670853f7|"2020-10-11 18:00:04 , created via export from SQMS1"
990481|945b7fd1cc509e15e6f7f8b37b456aef|"2020-10-11 18:00:04 , created via export from SQMS1"
990482|20bf21ec0585da0dcba2b5e1dfa1f5d7|"2020-10-11 18:00:04 , created via export from SQMS1"
990484|670e032310ac8c380aba2cca72b32404|"2020-10-11 18:00:04 , created via export from SQMS1"
990485|a22c09ad05cb23264c7d24406787d4b6|"2020-10-11 18:00:04 , created via export from SQMS1"
990486|95f048ee1cf50e70fdd6b15ad2af8e42|"2020-10-11 18:00:04 , created via export from SQMS1"
990488|d12473a5b5de9f37387ff1b79913919d|"2020-10-11 18:00:04 , created via export from SQMS1"
990489|0629e4f9f0e01e6f20bc2066175e09f7|"2020-10-11 18:00:04 , created via export from SQMS1"
990490|1838eaf1330ff7c368927b6001a9a01e|"2020-10-11 18:00:04 , created via export from SQMS1"
990491|5f862eade22f2aaa9ca86fc4a244ddf0|"2020-10-11 18:00:04 , created via export from SQMS1"
990492|e5611559c2647bcce53edf0b8112954a|"2020-10-11 18:00:04 , created via export from SQMS1"
990493|9e5448ddf1c711b4f072f804a5b17f7c|"2020-10-11 18:00:04 , created via export from SQMS1"
990494|f7314aea808359febea3294810eceb93|"2020-10-11 18:00:04 , created via export from SQMS1"
990495|0de2f5a2252b4e17d274ef56364bfd8b|"2020-10-11 18:00:04 , created via export from SQMS1"
990496|7d0d4081a881a07fd0818f21620aae5d|"2020-10-11 18:00:04 , created via export from SQMS1"
990497|3e746c638e25b175c4ecaaeee360cd6d|"2020-10-11 18:00:04 , created via export from SQMS1"
990498|5117da924655da09fb8e17ab9ec66e2c|"2020-10-11 18:00:04 , created via export from SQMS1"
990499|5fb353ed9b956effc13dbef374b0e780|"2020-10-11 18:00:04 , created via export from SQMS1"
990500|928894c60a07a50f4aaa29c0f1feaaf5|"2020-10-11 18:00:04 , created via export from SQMS1"
990501|3bd87269d2544c57d7ac839848c7a300|"2020-10-11 18:00:04 , created via export from SQMS1"
990502|b4a793ab642c031407a684a527f0aacf|"2020-10-11 18:00:04 , created via export from SQMS1"
990503|a2b831b245e2390192de116fa998761f|"2020-10-11 18:00:04 , created via export from SQMS1"
990504|b8e650a5fbd5a10203047a818bf9921a|"2020-10-11 18:00:04 , created via export from SQMS1"
990505|69d867385be3da5a5bf62ac136722f9f|"2020-10-11 18:00:04 , created via export from SQMS1"
990506|ce90ea51cae4efcd24d395f81026e03d|"2020-10-11 18:00:04 , created via export from SQMS1"
990507|b3ab4261810c7af2a5a7f4b99153c485|"2020-10-11 18:00:04 , created via export from SQMS1"
990508|95055efe14ce241e92fed0af57c16934|"2020-10-11 18:00:04 , created via export from SQMS1"
990509|8628317c31b9931551bc7fec4a95d27b|"2020-10-11 18:00:04 , created via export from SQMS1"
990510|dbd56cbc874f65578c3e179440768a46|"2020-10-11 18:00:04 , created via export from SQMS1"
990511|a2d5b0f6aa93505456a3c448d112d327|"2020-10-11 18:00:04 , created via export from SQMS1"
990512|2700f11091f5b9407cb0cec3b4d34dac|"2020-10-11 18:00:04 , created via export from SQMS1"
990513|ae3bd2526e99281f786127a2299050ec|"2020-10-11 18:00:04 , created via export from SQMS1"
990514|587a89bb5f012c765814d8c55b265a94|"2020-10-11 18:00:04 , created via export from SQMS1"
990515|26901afef8ee037a03fedd31ba63e139|"2020-10-11 18:00:04 , created via export from SQMS1"
990516|d8ac2945b91e46f87e0e9f1c32fa4486|"2020-10-11 18:00:04 , created via export from SQMS1"
990517|29feb143f149cf838e92a12f51bfe29a|"2020-10-11 18:00:04 , created via export from SQMS1"
990518|71eb0b97231928e0424c638bc76ee5ca|"2020-10-11 18:00:04 , created via export from SQMS1"
990519|04e4154a2d9512b5540cc5bcea914d29|"2020-10-11 18:00:04 , created via export from SQMS1"
990520|5878c8c0dc361f8220a84209dd9f1dd8|"2020-10-11 18:00:04 , created via export from SQMS1"
990521|200fc94afd16c71b0af2e7680f0be782|"2020-10-11 18:00:04 , created via export from SQMS1"
990522|a1cef24cd328266c5c75f1a244502d5b|"2020-10-11 18:00:04 , created via export from SQMS1"
990523|84fbed50a36e904ac47ad16b16d6f2ba|"2020-10-11 18:00:04 , created via export from SQMS1"
990524|d686ac39c89c97effea5f44bdbf11755|"2020-10-11 18:00:04 , created via export from SQMS1"
990525|95c08c616d863ca6c5c061af2bf954b7|"2020-10-11 18:00:04 , created via export from SQMS1"
990526|d2c4f02fc0dbd87881281f7ec107412c|"2020-10-11 18:00:04 , created via export from SQMS1"
990527|60938137daeedbc36e0d4bf3823bf77a|"2020-10-11 18:00:04 , created via export from SQMS1"
990528|ada93586f9dbf6aacaece4a2c446e921|"2020-10-11 18:00:04 , created via export from SQMS1"
990529|041d182478f69e22a8ee4350abae33e5|"2020-10-11 18:00:04 , created via export from SQMS1"
990530|9f0cbd0ec42896b5b58ca319628c0971|"2020-10-11 18:00:04 , created via export from SQMS1"
990531|baac50b6cf4b77573029e0ed37c5d7d7|"2020-10-11 18:00:04 , created via export from SQMS1"
990532|a63b56385c41d6288fa923b5f92df042|"2020-10-11 18:00:04 , created via export from SQMS1"
990533|2df1068dae88b52e9388ab43f8242f71|"2020-10-11 18:00:04 , created via export from SQMS1"
990534|2e28e364686e483cd919cabc14d69c25|"2020-10-11 18:00:04 , created via export from SQMS1"
990535|484b070b6a335af58f330813f6a1dabf|"2020-10-11 18:00:04 , created via export from SQMS1"
990536|792cae9b35922d52f541aa33948ef375|"2020-10-11 18:00:04 , created via export from SQMS1"
990537|1a8768ddb97015aa1fe3193bd3dbce91|"2020-10-11 18:00:04 , created via export from SQMS1"
990538|44652a223fde324e1f21b9eac6a04d89|"2020-10-11 18:00:04 , created via export from SQMS1"
990539|9595cd0243b7b3f063a2d29dfcbdbfb3|"2020-10-11 18:00:04 , created via export from SQMS1"
990540|2c25c522881d13889cadc4ed9c30a241|"2020-10-11 18:00:04 , created via export from SQMS1"
990541|022c8f091142f647346f1993f94168e2|"2020-10-11 18:00:04 , created via export from SQMS1"
990542|90b5f958c77d5f3455022d1cb6761bcc|"2020-10-11 18:00:04 , created via export from SQMS1"
990543|a64ebb34b5256c01b434b1abc82c4e03|"2020-10-11 18:00:04 , created via export from SQMS1"
990544|a028f18f65b03bae111a93db73f721fa|"2020-10-11 18:00:04 , created via export from SQMS1"
990545|fc56fd4b1fa20bdc915a2053339800aa|"2020-10-11 18:00:04 , created via export from SQMS1"
990546|117f8718e3cad32aaf31ecb56d1f9b4f|"2020-10-11 18:00:04 , created via export from SQMS1"
990547|10527e6f6aaf1a58f3a9eb9e1bbbcb76|"2020-10-11 18:00:04 , created via export from SQMS1"
990548|fb993b8d28188ea48471d60eb31437bc|"2020-10-11 18:00:04 , created via export from SQMS1"
990549|4a47e256deb6406b3b8180a7ad9bd905|"2020-10-11 18:00:04 , created via export from SQMS1"
990550|bef2f6ce19f292dc6d672fc32227c739|"2020-10-11 18:00:04 , created via export from SQMS1"
990551|8a4e87589ccb6e6f503e9290ce3af13d|"2020-10-11 18:00:04 , created via export from SQMS1"
990552|70146f5d24fbf4741bb119e7a721a8ed|"2020-10-11 18:00:04 , created via export from SQMS1"
990553|c27be975eeb95893c4e2bcd23fe36c28|"2020-10-11 18:00:04 , created via export from SQMS1"
990554|0fd4b1396c3f634003422df9eeb65cc6|"2020-10-11 18:00:04 , created via export from SQMS1"
990555|6ea3b617a107f90fbd62476d52df6887|"2020-10-11 18:00:04 , created via export from SQMS1"
990556|fe0169e3fefdf481559aa0dfa2a52e15|"2020-10-11 18:00:04 , created via export from SQMS1"
990557|ef110970057dd03ded427e962275dd0b|"2020-10-11 18:00:04 , created via export from SQMS1"
990558|378dc251cbbce6a3f0594feda72a6566|"2020-10-11 18:00:04 , created via export from SQMS1"
990559|238e83ed057007dddaedf337aa404db9|"2020-10-11 18:00:04 , created via export from SQMS1"
990560|7405be7e78a2d03bd2614ece9ce00713|"2020-10-11 18:00:04 , created via export from SQMS1"
990561|ce59a12179470719bed560557e65f11f|"2020-10-11 18:00:04 , created via export from SQMS1"
990562|48b18e9872be55ee52db742b5d1decb7|"2020-10-11 18:00:04 , created via export from SQMS1"
990563|beb2de39dd04f7b34857dd32d1d319cc|"2020-10-11 18:00:04 , created via export from SQMS1"
990564|464cad035c36d9eb33a4c32d3ab3a2ab|"2020-10-11 18:00:04 , created via export from SQMS1"
990565|50a81955d8a986bdda086069388635e2|"2020-10-11 18:00:04 , created via export from SQMS1"
990566|bdc8f829887b8ab84f6d33c5a8dcef00|"2020-10-11 18:00:04 , created via export from SQMS1"
990567|b70234ca6e515c1ed3df37b15b96a43f|"2020-10-11 18:00:04 , created via export from SQMS1"
990568|d9664a54bdc68580d08b261959956828|"2020-10-11 18:00:04 , created via export from SQMS1"
990569|05508b355d1f922ea88322861bd3e4ad|"2020-10-11 18:00:04 , created via export from SQMS1"
990570|57baf192d22eba5394dccb7e87f347a7|"2020-10-11 18:00:04 , created via export from SQMS1"
990571|17e4b281d0e7b0dda25e31b3fcebb2ca|"2020-10-11 18:00:04 , created via export from SQMS1"
990572|4818b22c74cc5317f89d3d6566fd3b41|"2020-10-11 18:00:04 , created via export from SQMS1"
990573|fa2da9018e01447d97bafde33ed29e1c|"2020-10-11 18:00:04 , created via export from SQMS1"
990574|384a062455c1c5fb70e63b13f4a9e374|"2020-10-11 18:00:04 , created via export from SQMS1"
990575|1b76f0172461a0e0a2c82bb76d5ac935|"2020-10-11 18:00:04 , created via export from SQMS1"
990576|c663ff0e0ca84c91e3ab6e0e074bb0dd|"2020-10-11 18:00:04 , created via export from SQMS1"
990577|3d5bb13b09705957fc3a779cacf4536f|"2020-10-11 18:00:04 , created via export from SQMS1"
990578|78e658c879f3baaf1046acf6c4638f30|"2020-10-11 18:00:04 , created via export from SQMS1"
990579|bf525dbf886df280dd9217b044dedb3c|"2020-10-11 18:00:04 , created via export from SQMS1"
990580|421342a4272a512181253600eef94fe3|"2020-10-11 18:00:04 , created via export from SQMS1"
990581|a705a7376090a2e3da643ca0430d5167|"2020-10-11 18:00:04 , created via export from SQMS1"
990582|48883928f4f7f21b2bc181e4b8a4e518|"2020-10-11 18:00:04 , created via export from SQMS1"
990583|ea169b2ae3fe942d0771f919e06cd8d6|"2020-10-11 18:00:04 , created via export from SQMS1"
990584|579c801788a960d3d822c14ce48fb0ce|"2020-10-11 18:00:04 , created via export from SQMS1"
990585|eceb8591a28214b05c0361451e0dd14c|"2020-10-11 18:00:04 , created via export from SQMS1"
990586|cb90663851c64dacfa83f9a981cff628|"2020-10-11 18:00:04 , created via export from SQMS1"
990587|08d63ee24d3057ca22294cabd45b61b0|"2020-10-11 18:00:04 , created via export from SQMS1"
990588|55101f2fd297a701c30c57ad5de55141|"2020-10-11 18:00:04 , created via export from SQMS1"
990589|a04b6192d7ce6175c1bc7d9bda95345b|"2020-10-11 18:00:04 , created via export from SQMS1"
990590|cb60d7372870fbdd88767f8c501092d3|"2020-10-11 18:00:04 , created via export from SQMS1"
990591|b3e37efa4abe19a75c278b219b833d97|"2020-10-11 18:00:04 , created via export from SQMS1"
990592|99e38e92dbf76f4428799f8f202d382d|"2020-10-11 18:00:04 , created via export from SQMS1"
990593|7289dc37e14754557fcc9b1fc852074c|"2020-10-11 18:00:04 , created via export from SQMS1"
990594|c974be4160a63f78725dd01dcb7a4297|"2020-10-11 18:00:04 , created via export from SQMS1"
990595|1058bf8da46539742c1cbb84683050df|"2020-10-11 18:00:04 , created via export from SQMS1"
990596|c020b6c3f4b38f4ba1adf028c69a4a91|"2020-10-11 18:00:04 , created via export from SQMS1"
990597|02b8ce72550cf4bb848e994a5b7b884d|"2020-10-11 18:00:04 , created via export from SQMS1"
990598|95cf1da5adfc9e01a1f0739e1ccf958e|"2020-10-11 18:00:04 , created via export from SQMS1"
990599|0b5bbb273ae0feeba6fe9ac6aec0468a|"2020-10-11 18:00:04 , created via export from SQMS1"
990600|993b17412be572712983a6c88560e4e1|"2020-10-11 18:00:04 , created via export from SQMS1"
990601|14b60051643274d8d4e9f361e9c75186|"2020-10-11 18:00:04 , created via export from SQMS1"
990602|793ed856c1106aa41098b2e7644b6c1f|"2020-10-11 18:00:04 , created via export from SQMS1"
990613|d7590c1e7029a9cb1ae8c5979532ad7c|"2020-10-11 18:00:04 , created via export from SQMS1"
990614|638a2c6e3f5802145ee59044a016b300|"2020-10-11 18:00:04 , created via export from SQMS1"
990615|af30ee5e9dbcea7e15c7be4f7d410bd2|"2020-10-11 18:00:04 , created via export from SQMS1"
990616|a6094f8b2eada1bd67760c4a1027eb25|"2020-10-11 18:00:04 , created via export from SQMS1"
990617|a257e5b82cbd2e66e0b358093791b3fa|"2020-10-11 18:00:04 , created via export from SQMS1"
990618|b567118b809fddde1d498700584dee7e|"2020-10-11 18:00:04 , created via export from SQMS1"
990619|008fd8389fef8a5c6246e83c4a33ba0d|"2020-10-11 18:00:04 , created via export from SQMS1"
990620|426979fb36235e9fb0ad73b53574ba17|"2020-10-11 18:00:04 , created via export from SQMS1"
990621|c586f8473374a99539f63083411711e8|"2020-10-11 18:00:04 , created via export from SQMS1"
990622|690992fb9a8454105c2d689d3ac06ed1|"2020-10-11 18:00:04 , created via export from SQMS1"
990623|8a750e1c1969e950f817a09a34d165c8|"2020-10-11 18:00:04 , created via export from SQMS1"
990624|b05284485c1cea6fcb3c2fb3adcf9e5b|"2020-10-11 18:00:04 , created via export from SQMS1"
990625|577e75e822179e3ef593e1d16157c943|"2020-10-11 18:00:04 , created via export from SQMS1"
990626|76aada778ceaa69405ee328c6d2104c8|"2020-10-11 18:00:04 , created via export from SQMS1"
990627|ef1334d38236b2f6f1c992b945d9619c|"2020-10-11 18:00:04 , created via export from SQMS1"
990628|228788d680b599623ddf6751c888cdc3|"2020-10-11 18:00:04 , created via export from SQMS1"
990629|8e7807a799215616306a2377d947d5f0|"2020-10-11 18:00:04 , created via export from SQMS1"
990630|90a546b4b04094dc9189c10a206fbcba|"2020-10-11 18:00:04 , created via export from SQMS1"
990631|a1b2a3ec8167ba756755f503cddc6e52|"2020-10-11 18:00:04 , created via export from SQMS1"
990632|aa4f8e0461278d12963bb475054e9ebc|"2020-10-11 18:00:04 , created via export from SQMS1"
990633|46cdab73b6bcda09a75874631c0ce8e5|"2020-10-11 18:00:04 , created via export from SQMS1"
990634|d598d6845c04dd4fab234ecafaf1e521|"2020-10-11 18:00:04 , created via export from SQMS1"
990635|9f9c8d6947f0dd14041af3d2985d0fb1|"2020-10-11 18:00:04 , created via export from SQMS1"
990636|5d80ccf2e82379838a07d21c36fde4f6|"2020-10-11 18:00:04 , created via export from SQMS1"
990637|56dbf45233f1d80425924e81dc651635|"2020-10-11 18:00:04 , created via export from SQMS1"
990638|2511010cd499fc50bf13cef4af54cabf|"2020-10-11 18:00:04 , created via export from SQMS1"
990639|fbee74363df44f466d2e4c60a7101cf4|"2020-10-11 18:00:04 , created via export from SQMS1"
990640|33cb8a7db27d44433004aa8ff74d2b2b|"2020-10-11 18:00:04 , created via export from SQMS1"
990641|1f2743373d2e37dcf32c52287c05edb1|"2020-10-11 18:00:04 , created via export from SQMS1"
990642|7b1d69c7352e0f2261e02735ee6cab7f|"2020-10-11 18:00:04 , created via export from SQMS1"
990643|2b5c40fa891e7b325c3681853f7f89a1|"2020-10-11 18:00:04 , created via export from SQMS1"
990644|f5366bd9c65ee0f22d14f31f6e798ff5|"2020-10-11 18:00:04 , created via export from SQMS1"
990645|84fd3714e9254ddab3c21ad1ee0d07c9|"2020-10-11 18:00:04 , created via export from SQMS1"
990646|208a8528d5ba5b87d3c187d81d39c2d6|"2020-10-11 18:00:04 , created via export from SQMS1"
990647|4fea27fba1ff0cf1d520b5794566190b|"2020-10-11 18:00:04 , created via export from SQMS1"
990648|01ba5260a7d6d8741f5a782b0adc868c|"2020-10-11 18:00:04 , created via export from SQMS1"
990649|e15bca5913f73d51c3a0decb7b64e06e|"2020-10-11 18:00:04 , created via export from SQMS1"
990650|26b334c4b28c93f32f2d442a8c8fd6bf|"2020-10-11 18:00:04 , created via export from SQMS1"
990651|5fb4c689e5bf265ac26007b36123a8ce|"2020-10-11 18:00:04 , created via export from SQMS1"
990652|79fbe0661e04fcca6a0797953a76222b|"2020-10-11 18:00:04 , created via export from SQMS1"
990653|8497ab69f5d14287e24ee9c44cdf943d|"2020-10-11 18:00:04 , created via export from SQMS1"
990654|6a6fcfd65e31208bcb77d5001024d069|"2020-10-11 18:00:04 , created via export from SQMS1"
990655|174f540cf89cb698ca683fa2c0d0d49e|"2020-10-11 18:00:04 , created via export from SQMS1"
990656|b6848c2db806b206848a7b03741acc06|"2020-10-11 18:00:04 , created via export from SQMS1"
990657|b6cd4ca4a57fc380f17e108518f953e5|"2020-10-11 18:00:04 , created via export from SQMS1"
990658|05f55b9b062477845f735adf44cc0919|"2020-10-11 18:00:04 , created via export from SQMS1"
990659|53e556bf8277e1b4e04b5b49607e1dac|"2020-10-11 18:00:04 , created via export from SQMS1"
990660|92b3ee5cb7e595f7b9c9daa3c8299785|"2020-10-11 18:00:04 , created via export from SQMS1"
990661|e72988f0fb2564bddb438ffc84b536d0|"2020-10-11 18:00:04 , created via export from SQMS1"
990662|fe5c635fa826e20c95de87bc6ac4a856|"2020-10-11 18:00:04 , created via export from SQMS1"
990663|c4b7b19e392adaea23c4393973313cc5|"2020-10-11 18:00:04 , created via export from SQMS1"
990664|07c47f390531087ac168d50818f2383d|"2020-10-11 18:00:04 , created via export from SQMS1"
990665|185438e77394f3cd68b0f985d6dc0ff2|"2020-10-11 18:00:04 , created via export from SQMS1"
990666|12cf4bb507b144e56fa5aab3b2da998f|"2020-10-11 18:00:04 , created via export from SQMS1"
990667|15c495eb9ea890e5741a52568e349fcf|"2020-10-11 18:00:04 , created via export from SQMS1"
990668|e8e84cab2cad7cc0ef97628fcd67768f|"2020-10-11 18:00:04 , created via export from SQMS1"
990669|71ba1cd7fff80b9de98475efc8c9292a|"2020-10-11 18:00:04 , created via export from SQMS1"
990670|53cc800404ae078fd2f6db33689502f4|"2020-10-11 18:00:04 , created via export from SQMS1"
990671|32cd7194dd526240cb1cc43f943f2997|"2020-10-11 18:00:04 , created via export from SQMS1"
990672|dc5e36e822e1b3b2baacec170f7d2528|"2020-10-11 18:00:04 , created via export from SQMS1"
990673|b7b5cb4e257c7f9fce91bc113b253341|"2020-10-11 18:00:04 , created via export from SQMS1"
99999000|2190c25f4bf54a176968cbcf840e206b|"2020-10-11 18:00:04 , created via export from SQMS1"
99999001|7285cf6a0d0ee0f47d9f3c047271d545|"2020-10-11 18:00:04 , created via export from SQMS1"
99999002|9ffc4507cc66ef4d2d361c55ac11cf6a|"2020-10-11 18:00:04 , created via export from SQMS1"
99999003|dac71b18aefd125e398849aac790d7cd|"2020-10-11 18:00:04 , created via export from SQMS1"
99999004|339cf757db527e04f4cee9150f3815f3|"2020-10-11 18:00:04 , created via export from SQMS1"
99999005|595686a14a33475a8f126738b6c6bc44|"2020-10-11 18:00:04 , created via export from SQMS1"
99999006|04019705b5660097da202f71b6148e0d|"2020-10-11 18:00:04 , created via export from SQMS1"
99999007|0419e892cd0351ce460230947a74a5d5|"2020-10-11 18:00:04 , created via export from SQMS1"
99999008|3ac4bb8a3c89c6e26d4be2614759a8b9|"2020-10-11 18:00:04 , created via export from SQMS1"
99999009|2fe1a3e2d80ae09462e381c7a36b3e65|"2020-10-11 18:00:04 , created via export from SQMS1"
99999010|ba1bf47dba460568d8c0e73cf1b018bd|"2020-10-11 18:00:04 , created via export from SQMS1"
99999011|5ff07be8606a6cf82211f320f6ffb5f4|"2020-10-11 18:00:04 , created via export from SQMS1"
99999012|e80c1bb657747d2b40c2c1a172ce166b|"2020-10-11 18:00:04 , created via export from SQMS1"
99999013|0d7084a9a3ad6ca3ca6043701c95a823|"2020-10-11 18:00:04 , created via export from SQMS1"
99999014|2aaf4104827e2ec756c9633da6fc3822|"2020-10-11 18:00:04 , created via export from SQMS1"
99999015|77e2f84d6f344ff105b9154c7d65b07c|"2020-10-11 18:00:04 , created via export from SQMS1"
99999016|7e5bd85f446725163f080f85655dd9b8|"2020-10-11 18:00:04 , created via export from SQMS1"
99999017|9c3fae659999008ffd515ae016f720ee|"2020-10-11 18:00:04 , created via export from SQMS1"
99999018|7d8e1eeefd287964055ea40d20f59aea|"2020-10-11 18:00:04 , created via export from SQMS1"
99999019|5295e718cefb4dc2daab8632e1f39e9c|"2020-10-11 18:00:04 , created via export from SQMS1"
99999020|c2f2932c045ef5784b66164ed132ce3d|"2020-10-11 18:00:04 , created via export from SQMS1"
99999021|5cdbb83a94bca982f70367d7e55c542a|"2020-10-11 18:00:04 , created via export from SQMS1"
99999022|131d73c3d2ba0ada1818dec772b787fb|"2020-10-11 18:00:04 , created via export from SQMS1"
99999023|654582816278b80fb3294b6ee3040b02|"2020-10-11 18:00:04 , created via export from SQMS1"
99999024|59f1ee749b165c8e34683f044b44a6c0|"2020-10-11 18:00:04 , created via export from SQMS1"
99999025|9ec0e240a7f8b30ebf39e537cb861a0c|"2020-10-11 18:00:04 , created via export from SQMS1"
99999026|f45b31dfe26acba0d276333747fdb54a|"2020-10-11 18:00:04 , created via export from SQMS1"
99999027|6d858f7584c12d945414778842f7c76c|"2020-10-11 18:00:04 , created via export from SQMS1"
99999028|ee7a9a224516b6c636295e139ddd504a|"2020-10-11 18:00:04 , created via export from SQMS1"
99999029|b76483916059c5938c74a6e2f0716abe|"2020-10-11 18:00:04 , created via export from SQMS1"
99999030|ac7e7c36d9d8a1faeec9ccfd847f6605|"2020-10-11 18:00:04 , created via export from SQMS1"
99999031|70711c5cce2dc1182b327db34ea61f8d|"2020-10-11 18:00:04 , created via export from SQMS1"
99999032|eca74c4e6468e99e5590d093693da62e|"2020-10-11 18:00:04 , created via export from SQMS1"
99999033|2185802a79c80fe45fd59f0954645592|"2020-10-11 18:00:04 , created via export from SQMS1"
99999034|3d664e3f4b2a64251c8bb0680df3792d|"2020-10-11 18:00:04 , created via export from SQMS1"
99999035|bf33a6dfb529fe0d251d2995f7583ea2|"2020-10-11 18:00:04 , created via export from SQMS1"
99999036|3e893ad087fedbe9f3edefe7f2297130|"2020-10-11 18:00:04 , created via export from SQMS1"
99999037|fd872e17aa2e1418bc7f8ade66a0fb84|"2020-10-11 18:00:04 , created via export from SQMS1"
99999038|6afc32e0491c1c6ecfbbba19afcc7eb2|"2020-10-11 18:00:04 , created via export from SQMS1"
99999039|6cafa65764748055add3f1f912909426|"2020-10-11 18:00:04 , created via export from SQMS1"
